charge,drv_trade_client_account_execution_id,drv_trade_floor_broker_id
-0.26285714285714284,319920,1
35,305894,1
70,305912,1
70,305912,1
21,306025,1
3.675,306450,1
2.0576,306445,1
49,306179,1
2.9055999999999997,305894,1
4.8876,319922,1
-0.8,322347,1
13.129310344827585,319924,1
56,306937,1
1.0890063424947143,307401,1
0.0989272030651341,307402,1
0.05,322347,1
5.254545454545455,307851,1
0.1,307861,1
0.3888524590163934,319928,1
-0.7944444444444444,308157,1
1.416831683168317,308161,1
70,305912,1
-6.40375,308124,1
0.9,322347,1
1.08,308457,1
0.04672082717872969,308475,1
332.5,308364,1
154,308324,1
154,308324,1
0.2,308456,1
12.25,308481,1
35,305894,1
21.35,308484,1
-1.5,308457,1
0.5556756756756757,308950,1
-17.53864734299517,308924,1
0.9,322347,1
-0.1724561403508772,309376,1
-2.9856521739130435,309380,1
0.54,309384,1
10.460694698354661,309402,1
21,306025,1
18.939226519337016,309860,1
0.47336814621409923,309858,1
0.2746524064171123,309859,1
-0.0682,309847,1
-0.7894,319922,1
0.3804,319922,1
-0.7509375,310417,1
-16.793699999999998,319922,1
-3.62,306025,1
0.05,310947,1
-7.8965000000000005,319922,1
-14.99598360655738,322348,1
17.5,306445,1
206.5,311387,1
-5.203625377643505,312668,1
-15.8028,305894,1
-0.81,322347,1
-0.805,308457,1
-0.059565217391304354,313098,1
2.700251256281407,313092,1
3.3876,313097,1
42,314528,1
35,305894,1
-0.6994666666666667,315061,1
-1.1691,319922,1
-10.250933333333334,316021,1
140,313097,1